{
  "arabic": 11.352491850378474,
  "bengali": 16.395269561569123,
  "chinese": 5.730026057868304,
  "czech": 14.391874350986502,
  "french": 20.53601943451474,
  "hebrew": 12.95457260362805,
  "hindi": 13.74466010082279,
  "hungarian": 17.50629570653456,
  "indonesian": 15.877882242509575,
  "italian": 17.486556793909624,
  "japanese": 6.806921171275138,
  "marathi": 13.977990166128421,
  "persian": 13.685217573284302,
  "russian": 15.074316868955668,
  "spanish": 18.041543530690582,
  "telugu": 14.819156061620896,
  "turkish": 15.753971222662777,
  "ukrainian": 15.163742690058479,
  "urdu": 18.63645553533778,
  "vietnamese": 16.864429896344788
}
