{
  "ukrainian": 0.5126756847636414,
  "arabic": 0.5124617123041834,
  "indonesian": 0.5107968253147517,
  "persian": 0.5139612283814261,
  "chinese": 0.5147860010362668,
  "spanish": 0.5317551400681858,
  "french": 0.5155497759554543,
  "polish": 0.4255181837964965,
  "hebrew": 0.47940560571177876,
  "portuguese": 0.4828749008183582,
  "english": 0.44258193261397927,
  "italian": 0.5425534630959107,
  "russian": 0.49886787149081785,
  "turkish": 0.5109022577686219,
  "hungarian": 0.5071842781826522,
  "german": 0.536365261492129,
  "thai": 0.537695511739373,
  "japanese": 0.4573703938008755,
  "hindi": 0.5661287264660642,
  "vietnamese": 0.5231610113543088,
  "czech": 0.5940260435404011,
  "korean": 0.5139036825794856,
  "bengali": 0.4408729625336164,
  "marathi": 0.5005991267208244,
  "tamil": 0.5259966358083353,
  "greek": 0.47183695386402313,
  "telugu": 0.47674183887363575,
  "urdu": 0.49237607315393467,
  "estonian": 0.4869784004817828,
  "danish": 0.48378904023068625,
  "swedish": 0.6767180956349604,
  "norwegian": 0.3272686567129702,
  "dutch": 0.6009614279011414,
  "bulgarian": 0.32305520101017915,
  "slovenian": 0.6518422484500443,
  "bangla": 0.5855328483142955,
  "croatian": 0.3819636303335389,
  "georgian": 0.02309690553871646,
  "romanian": 0.452509652965735,
  "lithuanian": 0.38917573299704633,
  "albanian": 0.5944741873640581,
  "catalan": 0.6344005731884628,
  "finnish": 0.6459343212602089,
  "serbian": 0.287302435526238,
  "malay": 0.3939207707239869,
  "tagalog": 0.4778166842056423,
  "slovak": 0.6208113230917526
}
