{
  "ukrainian": 0,
  "arabic": 0,
  "indonesian": 0.0018705258650382134,
  "persian": 0.004874421678783873,
  "chinese": 0.005555555555555556,
  "spanish": 0.047935556696825615,
  "french": 0.03812909423028471,
  "polish": 0,
  "hebrew": 0.01073856274808295,
  "portuguese": 0.007099363809695001,
  "italian": 0.004259259259259259,
  "russian": 0.020006782894836442,
  "turkish": 0.005739795918367347,
  "hungarian": 0.018583104339155665,
  "german": 0.054568344412234696,
  "thai": 0.006969975490196078,
  "japanese": 0,
  "hindi": 0.020469825357043402,
  "vietnamese": 0.007880462924606464,
  "czech": 0,
  "korean": 0.013532354629705567,
  "bengali": 0.016932554849335896,
  "marathi": 0.00847457627118644,
  "tamil": 0,
  "greek": 0,
  "telugu": 0,
  "urdu": 0.0007754059478197408,
  "estonian": 0,
  "danish": 0,
  "swedish": 0,
  "norwegian": 0,
  "dutch": 0.05555555555555555,
  "bulgarian": 0,
  "slovenian": 0,
  "bangla": 0,
  "croatian": 0,
  "georgian": 0,
  "romanian": 0,
  "lithuanian": 0,
  "albanian": 0,
  "catalan": 0,
  "finnish": 0,
  "serbian": 0,
  "malay": 0,
  "gujarati": 1,
  "tagalog": 0,
  "slovak": 0
}