{
  "Linear Algebra": 0.4956756521462743,
  "Analysis": 0.48314036886186307,
  "Physics": 0.4501800550786258,
  "Computer Science": 0.541996364875291,
  "Miscellaneous": 0.5063917702585623,
  "Topology": 0.4637958091352717,
  "Geometry": 0.5297144182193478,
  "Why Pi": 0.5116163166390842,
  "Calculus": 0.507284669276295,
  "Lockdown Math": 0.5293367683583252,
  "Epidemics": 0.5248543502062428,
  "Probability": 0.4835278619911362,
  "Puzzles": 0.5484429852922397,
  "Group Theory": 0.4912545881385815,
  "Differential Equations": 0.4734058035127576,
  "Neural Networks": 0.5321256128554733
}
